name,role,rating,content,image_url
"Aravind Menon","Software Engineer",5,"As a software engineer, I needed a reliable LIC agent who could explain complex insurance terms in simple language. Satheesan's expertise in premium calculation and policy comparison helped me choose the perfect plan. His knowledge of LIC policies in Kozhikode is exceptional.","https://randomuser.me/api/portraits/men/1.jpg"
"Deepa Nair","School Teacher",5,"Finding the right LIC agent in Kozhikode was crucial for my family's future. Satheesan helped me understand different premium payment options and guided me through the entire process. His dedication to customer service is remarkable.","https://randomuser.me/api/portraits/women/2.jpg"
"Rajesh Kumar","Business Owner",5,"Comparing different LIC policies was overwhelming until I met Satheesan. His detailed policy comparison helped me understand the benefits of each plan. As the best LIC agent in Kozhikode, he made my investment decision much easier.","https://randomuser.me/api/portraits/men/3.jpg"
"Sneha Pillai","Doctor",5,"Being a doctor, I appreciate attention to detail. Satheesan's thorough policy comparison and premium calculation for my health insurance needs were impressive. He's truly one of the most knowledgeable LIC agents in Kerala.","https://randomuser.me/api/portraits/women/4.jpg"
"Vijay Nambiar","Retired Bank Manager",5,"When I needed to settle my LIC claim, Satheesan's expertise was invaluable. He guided me through the entire claim settlement process smoothly. His knowledge of LIC claim procedures in Kozhikode is outstanding.","https://randomuser.me/api/portraits/men/5.jpg"
"Anitha Krishnan","Homemaker",5,"After my husband's unfortunate passing, Satheesan helped me with the LIC claim settlement process. His compassionate approach and thorough knowledge made a difficult time much easier to handle.","https://randomuser.me/api/portraits/women/6.jpg"
"Mohan Das","Government Employee",5,"Satheesan's timely reminders and efficient handling of my LIC policy renewal make him stand out among insurance agents in Kozhikode. His service is reliable and professional.","https://randomuser.me/api/portraits/men/7.jpg"
"Lakshmi Menon","College Professor",5,"The policy renewal process was seamless thanks to Satheesan. As a leading LIC agent in Kozhikode, he ensures all my insurance needs are met with utmost professionalism.","https://randomuser.me/api/portraits/women/8.jpg"
"Suresh Nair","Business Consultant",5,"Satheesan's use of the premium calculator helped me understand exactly how much I needed to invest. His clear explanations of LIC premium calculations in Kozhikode were very helpful.","https://randomuser.me/api/portraits/men/9.jpg"
"Divya Rajan","Architect",5,"The premium calculator demonstration was eye-opening. Satheesan's expertise in calculating LIC premiums helped me plan my investments better. He's definitely the go-to LIC agent in Kozhikode.","https://randomuser.me/api/portraits/women/10.jpg"
"Ramesh Pillai","Business Owner",5,"Planning for my family's future was made easy with Satheesan's guidance. His knowledge of family insurance plans in Kozhikode helped me secure my children's education and our future.","https://randomuser.me/api/portraits/men/11.jpg"
"Meera Krishnan","Bank Manager",5,"As a working mother, I needed comprehensive family insurance. Satheesan's expertise in family planning policies helped me choose the perfect coverage for my loved ones.","https://randomuser.me/api/portraits/women/12.jpg"
"Gopalakrishnan Nair","Retired Professor",5,"Satheesan's retirement planning advice was invaluable. His knowledge of pension plans and retirement policies helped me secure a comfortable future. The best LIC agent in Kozhikode for retirement planning.","https://randomuser.me/api/portraits/men/13.jpg"
"Radha Menon","Retired Nurse",5,"Planning for retirement was overwhelming until I met Satheesan. His expertise in LIC pension plans helped me make informed decisions about my golden years.","https://randomuser.me/api/portraits/women/14.jpg"
"Arun Kumar","Chartered Accountant",5,"As a CA, I appreciate Satheesan's in-depth knowledge of tax-saving insurance plans. His advice on LIC policies for tax planning in Kozhikode is exceptional.","https://randomuser.me/api/portraits/men/15.jpg"
"Priya Nambiar","Business Owner",5,"Satheesan's expertise in tax-saving insurance plans helped me optimize my investments. His knowledge of LIC tax benefits is comprehensive and valuable.","https://randomuser.me/api/portraits/women/16.jpg"
"Dr. Rajesh Kumar","Medical Practitioner",5,"As a doctor, I understand the importance of health insurance. Satheesan's expertise in health insurance plans helped me choose comprehensive coverage for my family.","https://randomuser.me/api/portraits/men/17.jpg"
"Sujatha Nair","Nurse",5,"Finding the right health insurance was made easy with Satheesan's guidance. His knowledge of health insurance policies in Kozhikode is exceptional.","https://randomuser.me/api/portraits/women/18.jpg"
"Vishnu Pillai","College Professor",5,"Planning for my children's education was made simple with Satheesan's help. His expertise in education insurance plans helped secure their future.","https://randomuser.me/api/portraits/men/19.jpg"
"Geetha Menon","School Principal",5,"Satheesan's knowledge of education planning policies helped me invest wisely for my children's future. He's the most trusted LIC agent in Kozhikode for education planning.","https://randomuser.me/api/portraits/women/20.jpg"
"Sanjay Menon","Entrepreneur",5,"As a startup founder in Kozhikode, I needed expert guidance on business insurance. Satheesan's knowledge of corporate insurance plans and risk management strategies was invaluable for protecting my business.","https://randomuser.me/api/portraits/men/21.jpg"
"Anjali Krishnan","Shop Owner",5,"Running a business in Kozhikode requires proper insurance coverage. Satheesan helped me understand different business insurance options and chose the perfect plan for my shop's needs.","https://randomuser.me/api/portraits/women/22.jpg"
"Manoj Kumar","Bank Manager",5,"Protecting my home loan was crucial, and Satheesan's expertise in loan protection plans was invaluable. His knowledge of LIC loan protection policies in Kozhikode is comprehensive.","https://randomuser.me/api/portraits/men/23.jpg"
"Anitha Nair","Business Owner",5,"Satheesan helped me secure my business loan with the right protection plan. His understanding of loan protection policies in Kozhikode is exceptional.","https://randomuser.me/api/portraits/women/24.jpg"
"Rahul Menon","Financial Advisor",5,"As a financial advisor, I appreciate Satheesan's expertise in investment planning. His knowledge of LIC investment plans helped me diversify my portfolio effectively.","https://randomuser.me/api/portraits/men/25.jpg"
"Divya Krishnan","Business Consultant",5,"Satheesan's guidance in investment planning helped me make informed decisions. His expertise in LIC investment policies in Kozhikode is outstanding.","https://randomuser.me/api/portraits/women/26.jpg"
"Suresh Nambiar","Company Director",5,"Setting up group insurance for my employees was made easy with Satheesan's help. His knowledge of group insurance policies and corporate benefits is comprehensive.","https://randomuser.me/api/portraits/men/27.jpg"
"Meera Pillai","HR Manager",5,"Satheesan's expertise in group insurance plans helped me provide better benefits to my employees. He's the most reliable LIC agent in Kozhikode for corporate insurance solutions.","https://randomuser.me/api/portraits/women/28.jpg"
"Gopalakrishnan Menon","Retired Government Employee",5,"Planning for my pension was made simple with Satheesan's guidance. His expertise in pension plans and retirement benefits helped secure my golden years.","https://randomuser.me/api/portraits/men/29.jpg"
"Radha Nair","Retired Teacher",5,"Satheesan's knowledge of pension plans helped me make the right choices for my retirement. His understanding of LIC pension policies and retirement benefits is exceptional.","https://randomuser.me/api/portraits/women/30.jpg" 